Workbook

Sheet RawData
C1: CLEAN BACKGROUND | H1: NOISY BACKGROUND
A2: YOLO DETECTOR MODEL | C2: Bright Lighting | H2: Bright Lighting
C3: Avg FPS | D3: Avg DPS | E3: Frames | F3: Detections | G3: Time | H3: Avg FPS | I3: Avg DPS | J3: Frames | K3: Detections | L3: Time
B4: 25% Opcaity Marker
B5: 50% Opcaity Marker
B6: 75% Opacity Marker
B7: 100% Opacity Marker
C8: Dark Lighting | H8: Dark Lighting
C9: Avg FPS | D9: Avg DPS | E9: Frames | F9: Detections | G9: Time | H9: Avg FPS | I9: Avg DPS | J9: Frames | K9: Detections | L9: Time
B10: 25% Opcaity Marker
B11: 50% Opcaity Marker
B12: 75% Opacity Marker
B13: 100% Opacity Marker
A14: ARUCO DETECTION MODEL | C14: Bright Lighting | H14: Bright Lighting
C15: Avg FPS | D15: Avg DPS | E15: Frames | F15: Detections | G15: Time | H15: Avg FPS | I15: Avg DPS | J15: Frames | K15: Detections | L15: Time
B16: 25% Opcaity Marker
B17: 50% Opcaity Marker
B18: 75% Opacity Marker
B19: 100% Opacity Marker
C20: Dark Lighting | H20: Dark Lighting
C21: Avg FPS | D21: Avg DPS | E21: Frames | F21: Detections | G21: Time | H21: Avg FPS | I21: Avg DPS | J21: Frames | K21: Detections | L21: Time
B22: 25% Opcaity Marker
B23: 50% Opcaity Marker
B24: 75% Opacity Marker
B25: 100% Opacity Marker

Sheet Accuracy
A1: YOLO Accuracy
A2: Maker Opacity | B2: Clean Background, Bright Lighting | C2: Noisy Background, Bright Lighting | D2: Clean Background, Dark Lighting | E2: Noisy Background, Dark Lighting
A3: 0.25 | B3: =RawData!F4/RawData!E4 -> #DIV/0! | C3: =RawData!K4/RawData!J4 -> #DIV/0! | D3: =RawData!F10/RawData!E10 -> #DIV/0! | E3: =RawData!K10/RawData!J10 -> #DIV/0!
A4: 0.5 | B4: =RawData!F5/RawData!E5 -> #DIV/0! | C4: =RawData!K5/RawData!J5 -> #DIV/0! | D4: =RawData!F11/RawData!E11 -> #DIV/0! | E4: =RawData!K11/RawData!J11 -> #DIV/0!
A5: 0.75 | B5: =RawData!F6/RawData!E6 -> #DIV/0! | C5: =RawData!K6/RawData!J6 -> #DIV/0! | D5: =RawData!F12/RawData!E12 -> #DIV/0! | E5: =RawData!K12/RawData!J12 -> #DIV/0!
A6: 1 | B6: =RawData!F7/RawData!E7 -> #DIV/0! | C6: =RawData!K7/RawData!J7 -> #DIV/0! | D6: =RawData!F13/RawData!E13 -> #DIV/0! | E6: =RawData!K13/RawData!J13 -> #DIV/0!
A9: ArUco Accuracy
A10: Maker Opacity | B10: Clean Background, Bright Lighting | C10: Noisy Background, Bright Lighting | D10: Clean Background, Dark Lighting | E10: Noisy Background, Dark Lighting
A11: 0.25 | B11: =RawData!F16/RawData!E16 -> #DIV/0! | C11: =RawData!K16/RawData!J16 -> #DIV/0! | D11: =RawData!F22/RawData!E22 -> #DIV/0! | E11: =RawData!K22/RawData!J22 -> #DIV/0!
A12: 0.5 | B12: =RawData!F17/RawData!E17 -> #DIV/0! | C12: =RawData!K17/RawData!J17 -> #DIV/0! | D12: =RawData!F23/RawData!E23 -> #DIV/0! | E12: =RawData!K23/RawData!J23 -> #DIV/0!
A13: 0.75 | B13: =RawData!F18/RawData!E18 -> #DIV/0! | C13: =RawData!K18/RawData!J18 -> #DIV/0! | D13: =RawData!F24/RawData!E24 -> #DIV/0! | E13: =RawData!K24/RawData!J24 -> #DIV/0!
A14: 1 | B14: =RawData!F19/RawData!E19 -> #DIV/0! | C14: =RawData!K19/RawData!J19 -> #DIV/0! | D14: =RawData!F25/RawData!E25 -> #DIV/0! | E14: =RawData!K25/RawData!J25 -> #DIV/0!
B18: Accuracy calculated as (DETECTIONS/FRAMES)

Sheet YoloImprovement 
A1: Accuracy Difference from using YOLO over ArUco
A2: Marker Opcaity | B2: Clean Background, Bright Lighting | C2: Noisy Background, Bright Lighting | D2: Clean Background, Dark Lighting | E2: Noisy Background, Dark Lighting
A3: 0.25 | B3: =Accuracy!B3-Accuracy!B11 -> #DIV/0! | C3: =Accuracy!C3-Accuracy!C11 -> #DIV/0! | D3: =Accuracy!D3-Accuracy!D11 -> #DIV/0! | E3: =Accuracy!E3-Accuracy!E11 -> #DIV/0!
A4: 0.5 | B4: =Accuracy!B4-Accuracy!B12 -> #DIV/0! | C4: =Accuracy!C4-Accuracy!C12 -> #DIV/0! | D4: =Accuracy!D4-Accuracy!D12 -> #DIV/0! | E4: =Accuracy!E4-Accuracy!E12 -> #DIV/0!
A5: 0.75 | B5: =Accuracy!B5-Accuracy!B13 -> #DIV/0! | C5: =Accuracy!C5-Accuracy!C13 -> #DIV/0! | D5: =Accuracy!D5-Accuracy!D13 -> #DIV/0! | E5: =Accuracy!E5-Accuracy!E13 -> #DIV/0!
A6: 1 | B6: =Accuracy!B6-Accuracy!B14 -> #DIV/0! | C6: =Accuracy!C6-Accuracy!C14 -> #DIV/0! | D6: =Accuracy!D6-Accuracy!D14 -> #DIV/0! | E6: =Accuracy!E6-Accuracy!E14 -> #DIV/0!
A9: Accuracy Difference from using ArUco over YOLO
A10: Marker Opcaity | B10: Clean Background, Bright Lighting | C10: Noisy Background, Bright Lighting | D10: Clean Background, Dark Lighting | E10: Noisy Background, Dark Lighting
A11: 0.25 | B11: =Accuracy!B11-Accuracy!B3 -> #DIV/0! | C11: =Accuracy!C11-Accuracy!C3 -> #DIV/0! | D11: =Accuracy!D11-Accuracy!D3 -> #DIV/0! | E11: =Accuracy!E11-Accuracy!E3 -> #DIV/0!
A12: 0.5 | B12: =Accuracy!B12-Accuracy!B4 -> #DIV/0! | C12: =Accuracy!C12-Accuracy!C4 -> #DIV/0! | D12: =Accuracy!D12-Accuracy!D4 -> #DIV/0! | E12: =Accuracy!E12-Accuracy!E4 -> #DIV/0!
A13: 0.75 | B13: =Accuracy!B13-Accuracy!B5 -> #DIV/0! | C13: =Accuracy!C13-Accuracy!C5 -> #DIV/0! | D13: =Accuracy!D13-Accuracy!D5 -> #DIV/0! | E13: =Accuracy!E13-Accuracy!E5 -> #DIV/0!
A14: 1 | B14: =Accuracy!B14-Accuracy!B6 -> #DIV/0! | C14: =Accuracy!C14-Accuracy!C6 -> #DIV/0! | D14: =Accuracy!D14-Accuracy!D6 -> #DIV/0! | E14: =Accuracy!E14-Accuracy!E6 -> #DIV/0!
