Workbook

Sheet RawData
C1: CLEAN BACKGROUND | H1: NOISY BACKGROUND
A2: YOLO DETECTOR MODEL | C2: Bright Lighting | H2: Bright Lighting
C3: Avg FPS | D3: Avg DPS | E3: Frames | F3: Detections | G3: Time | H3: Avg FPS | I3: Avg DPS | J3: Frames | K3: Detections | L3: Time
B4: 25% Opcaity Marker | C4: 33.18 | D4: 33.15 | E4: 896 | F4: 895 | G4: 27 | H4: 31.49 | I4: 29.12 | J4: 888 | K4: 821 | L4: 28.2
B5: 50% Opcaity Marker | C5: 33.07 | D5: 33.04 | E5: 896 | F5: 895 | G5: 27.09 | H5: 30.18 | I5: 29.94 | J5: 882 | K5: 875 | L5: 29.23
B6: 75% Opacity Marker | C6: 32.06 | D6: 32.06 | E6: 863 | F6: 863 | G6: 26.92 | H6: 32.88 | I6: 31.9 | J6: 865 | K6: 839 | L6: 26.3
B7: 100% Opacity Marker | C7: 32.56 | D7: 32.01 | E7: 876 | F7: 861 | G7: 26.9 | H7: 31.88 | I7: 30.91 | J7: 888 | K7: 861 | L7: 27.86
C8: Dark Lighting | H8: Dark Lighting
C9: Avg FPS | D9: Avg DPS | E9: Frames | F9: Detections | G9: Time | H9: Avg FPS | I9: Avg DPS | J9: Frames | K9: Detections | L9: Time
B10: 25% Opcaity Marker | C10: 30.73 | D10: 28.82 | E10: 851 | F10: 798 | G10: 27.69 | H10: 32.06 | I10: 28.65 | J10: 837 | K10: 748 | L10: 26.11
B11: 50% Opcaity Marker | C11: 32.79 | D11: 32.9 | E11: 882 | F11: 885 | G11: 26.9 | H11: 32.47 | I11: 25.39 | J11: 881 | K11: 689 | L11: 27.14
B12: 75% Opacity Marker | C12: 32.26 | D12: 32.55 | E12: 874 | F12: 882 | G12: 27.1 | H12: 32.56 | I12: 21.54 | J12: 851 | K12: 563 | L12: 26.14
B13: 100% Opacity Marker | C13: 33.47 | D13: 33.86 | E13: 869 | F13: 879 | G13: 25.96 | H13: 32.64 | I13: 21.76 | J13: 846 | K13: 564 | L13: 25.92
A14: ARUCO DETECTION MODEL | C14: Bright Lighting | H14: Bright Lighting
C15: Avg FPS | D15: Avg DPS | E15: Frames | F15: Detections | G15: Time | H15: Avg FPS | I15: Avg DPS | J15: Frames | K15: Detections | L15: Time
B16: 25% Opcaity Marker | C16: 89.14 | D16: 23.98 | E16: 896 | F16: 241 | G16: 10.05 | H16: 60.82 | I16: 34.93 | J16: 888 | K16: 510 | L16: 14.6
B17: 50% Opcaity Marker | C17: 88.73 | D17: 83.87 | E17: 896 | F17: 847 | G17: 10.1 | H17: 62.89 | I17: 56.47 | J17: 882 | K17: 792 | L17: 14.02
B18: 75% Opacity Marker | C18: 87.76 | D18: 87.05 | E18: 863 | F18: 856 | G18: 9.83 | H18: 62.02 | I18: 57.93 | J18: 865 | K18: 808 | L18: 13.95
B19: 100% Opacity Marker | C19: 88.03 | D19: 86.62 | E19: 876 | F19: 862 | G19: 9.95 | H19: 62.98 | I19: 54.39 | J19: 888 | K19: 767 | L19: 14.1
C20: Dark Lighting | H20: Dark Lighting
C21: Avg FPS | D21: Avg DPS | E21: Frames | F21: Detections | G21: Time | H21: Avg FPS | I21: Avg DPS | J21: Frames | K21: Detections | L21: Time
B22: 25% Opcaity Marker | C22: 90.57 | D22: 17.99 | E22: 851 | F22: 169 | G22: 9.4 | H22: 73.55 | I22: 26.54 | J22: 837 | K22: 302 | L22: 11.38
B23: 50% Opcaity Marker | C23: 90.05 | D23: 43.8 | E23: 882 | F23: 429 | G23: 9.79 | H23: 74.55 | I23: 34.01 | J23: 881 | K23: 402 | L23: 11.82
B24: 75% Opacity Marker | C24: 89.71 | D24: 39.93 | E24: 874 | F24: 389 | G24: 9.74 | H24: 74.78 | I24: 30.49 | J24: 851 | K24: 347 | L24: 11.38
B25: 100% Opacity Marker | C25: 89.56 | D25: 43.7 | E25: 869 | F25: 424 | G25: 9.7 | H25: 75.35 | I25: 33.58 | J25: 846 | K25: 377 | L25: 11.23
B28: NOTE: In dark conditions with clean background, YOLO seems to make more detections than frames in the video implying it saw multiple phones in some frames. We can explain this by pointing out that our confidence threshold was set to 0.5, and setting it higher would reduce the probability of false detections occuring.

Sheet Accuracy
A1: YOLO Accuracy
A2: Maker Opacity | B2: Clean Background, Bright Lighting | C2: Noisy Background, Bright Lighting | D2: Clean Background, Dark Lighting | E2: Noisy Background, Dark Lighting
A3: 0.25 | B3: =RawData!F4/RawData!E4 -> 0.99888393 | C3: =RawData!K4/RawData!J4 -> 0.92454955 | D3: =RawData!F10/RawData!E10 -> 0.93772033 | E3: =RawData!K10/RawData!J10 -> 0.89366786
A4: 0.5 | B4: =RawData!F5/RawData!E5 -> 0.99888393 | C4: =RawData!K5/RawData!J5 -> 0.99206349 | D4: =RawData!F11/RawData!E11 -> 1.0034014 | E4: =RawData!K11/RawData!J11 -> 0.78206583
A5: 0.75 | B5: =RawData!F6/RawData!E6 -> 1 | C5: =RawData!K6/RawData!J6 -> 0.9699422 | D5: =RawData!F12/RawData!E12 -> 1.0091533 | E5: =RawData!K12/RawData!J12 -> 0.66157462
A6: 1 | B6: =RawData!F7/RawData!E7 -> 0.98287671 | C6: =RawData!K7/RawData!J7 -> 0.96959459 | D6: =RawData!F13/RawData!E13 -> 1.0115075 | E6: =RawData!K13/RawData!J13 -> 0.66666667
A9: ArUco Accuracy
A10: Maker Opacity | B10: Clean Background, Bright Lighting | C10: Noisy Background, Bright Lighting | D10: Clean Background, Dark Lighting | E10: Noisy Background, Dark Lighting
A11: 0.25 | B11: =RawData!F16/RawData!E16 -> 0.26897321 | C11: =RawData!K16/RawData!J16 -> 0.57432432 | D11: =RawData!F22/RawData!E22 -> 0.19858989 | E11: =RawData!K22/RawData!J22 -> 0.36081243
A12: 0.5 | B12: =RawData!F17/RawData!E17 -> 0.9453125 | C12: =RawData!K17/RawData!J17 -> 0.89795918 | D12: =RawData!F23/RawData!E23 -> 0.48639456 | E12: =RawData!K23/RawData!J23 -> 0.45629966
A13: 0.75 | B13: =RawData!F18/RawData!E18 -> 0.99188876 | C13: =RawData!K18/RawData!J18 -> 0.93410405 | D13: =RawData!F24/RawData!E24 -> 0.44508009 | E13: =RawData!K24/RawData!J24 -> 0.40775558
A14: 1 | B14: =RawData!F19/RawData!E19 -> 0.98401826 | C14: =RawData!K19/RawData!J19 -> 0.86373874 | D14: =RawData!F25/RawData!E25 -> 0.48791715 | E14: =RawData!K25/RawData!J25 -> 0.44562648
B18: Accuracy calculated as (DETECTIONS/FRAMES)

Sheet F1Score
A1: YOLO F1 Score
A2: Maker Opacity | B2: Clean Background, Bright Lighting | C2: Noisy Background, Bright Lighting | D2: Clean Background, Dark Lighting | E2: Noisy Background, Dark Lighting
A3: 0.25 | B3: =RawData!F4/(RawData!F4 + (0.5 * (RawData!E4 - RawData!F4))) -> 0.99944165 | C3: =RawData!K4/(RawData!K4 + (0.5 * (RawData!J4 - RawData!K4))) -> 0.96079579 | D3: =RawData!F10/(RawData!F10 + (0.5 * (RawData!E10 - RawData!F10))) -> 0.96785931 | E3: =RawData!K10/(RawData!K10 + (0.5 * (RawData!J10 - RawData!K10))) -> 0.94384858 | G3: TP = detections
A4: 0.5 | B4: =RawData!F5/(RawData!F5 + (0.5 * (RawData!E5 - RawData!F5))) -> 0.99944165 | C4: =RawData!K5/(RawData!K5 + (0.5 * (RawData!J5 - RawData!K5))) -> 0.99601594 | D4: =RawData!F11/(RawData!F11 + (0.5 * (RawData!E11 - RawData!F11))) -> 1.0016978 | E4: =RawData!K11/(RawData!K11 + (0.5 * (RawData!J11 - RawData!K11))) -> 0.87770701 | G4: TN = impossible, phone is always present
A5: 0.75 | B5: =RawData!F6/(RawData!F6 + (0.5 * (RawData!E6 - RawData!F6))) -> 1 | C5: =RawData!K6/(RawData!K6 + (0.5 * (RawData!J6 - RawData!K6))) -> 0.98474178 | D5: =RawData!F12/(RawData!F12 + (0.5 * (RawData!E12 - RawData!F12))) -> 1.0045558 | E5: =RawData!K12/(RawData!K12 + (0.5 * (RawData!J12 - RawData!K12))) -> 0.79632249 | G5: FP = detections - frames if detections > frames
A6: 1 | B6: =RawData!F7/(RawData!F7 + (0.5 * (RawData!E7 - RawData!F7))) -> 0.99136442 | C6: =RawData!K7/(RawData!K7 + (0.5 * (RawData!J7 - RawData!K7))) -> 0.98456261 | D6: =RawData!F13/(RawData!F13 + (0.5 * (RawData!E13 - RawData!F13))) -> 1.0057208 | E6: =RawData!K13/(RawData!K13 + (0.5 * (RawData!J13 - RawData!K13))) -> 0.8 | G6: FN = frames - detections
A9: ArUco F1 Score
A10: Maker Opacity | B10: Clean Background, Bright Lighting | C10: Noisy Background, Bright Lighting | D10: Clean Background, Dark Lighting | E10: Noisy Background, Dark Lighting
A11: 0.25 | B11: =RawData!F16/(RawData!F16 + (0.5 * (RawData!E16 - RawData!F16))) -> 0.4239226 | C11: =RawData!K16/(RawData!K16 + (0.5 * (RawData!J16 - RawData!K16))) -> 0.72961373 | D11: =RawData!F22/(RawData!F22 + (0.5 * (RawData!E22 - RawData!F22))) -> 0.33137255 | E11: =RawData!K22/(RawData!K22 + (0.5 * (RawData!J22 - RawData!K22))) -> 0.53028973
A12: 0.5 | B12: =RawData!F17/(RawData!F17 + (0.5 * (RawData!E17 - RawData!F17))) -> 0.97188755 | C12: =RawData!K17/(RawData!K17 + (0.5 * (RawData!J17 - RawData!K17))) -> 0.94623656 | D12: =RawData!F23/(RawData!F23 + (0.5 * (RawData!E23 - RawData!F23))) -> 0.65446224 | E12: =RawData!K23/(RawData!K23 + (0.5 * (RawData!J23 - RawData!K23))) -> 0.62665627
A13: 0.75 | B13: =RawData!F18/(RawData!F18 + (0.5 * (RawData!E18 - RawData!F18))) -> 0.99592787 | C13: =RawData!K18/(RawData!K18 + (0.5 * (RawData!J18 - RawData!K18))) -> 0.96592947 | D13: =RawData!F24/(RawData!F24 + (0.5 * (RawData!E24 - RawData!F24))) -> 0.61599367 | E13: =RawData!K24/(RawData!K24 + (0.5 * (RawData!J24 - RawData!K24))) -> 0.57929883
A14: 1 | B14: =RawData!F19/(RawData!F19 + (0.5 * (RawData!E19 - RawData!F19))) -> 0.99194476 | C14: =RawData!K19/(RawData!K19 + (0.5 * (RawData!J19 - RawData!K19))) -> 0.92688822 | D14: =RawData!F25/(RawData!F25 + (0.5 * (RawData!E25 - RawData!F25))) -> 0.65583913 | E14: =RawData!K25/(RawData!K25 + (0.5 * (RawData!J25 - RawData!K25))) -> 0.61651676
B18: F1 Score = TP / (TP + 0.5(FP + FN))

Sheet YoloImprovement 
A1: Accuracy Difference from using YOLO over ArUco
A2: Marker Opcaity | B2: Clean Background, Bright Lighting | C2: Noisy Background, Bright Lighting | D2: Clean Background, Dark Lighting | E2: Noisy Background, Dark Lighting
A3: 0.25 | B3: =Accuracy!B3-Accuracy!B11 -> 0.72991071 | C3: =Accuracy!C3-Accuracy!C11 -> 0.35022523 | D3: =Accuracy!D3-Accuracy!D11 -> 0.73913043 | E3: =Accuracy!E3-Accuracy!E11 -> 0.53285544
A4: 0.5 | B4: =Accuracy!B4-Accuracy!B12 -> 0.053571429 | C4: =Accuracy!C4-Accuracy!C12 -> 0.094104308 | D4: =Accuracy!D4-Accuracy!D12 -> 0.5170068 | E4: =Accuracy!E4-Accuracy!E12 -> 0.32576617
A5: 0.75 | B5: =Accuracy!B5-Accuracy!B13 -> 0.0081112399 | C5: =Accuracy!C5-Accuracy!C13 -> 0.03583815 | D5: =Accuracy!D5-Accuracy!D13 -> 0.56407323 | E5: =Accuracy!E5-Accuracy!E13 -> 0.25381904
A6: 1 | B6: =Accuracy!B6-Accuracy!B14 -> -0.0011415525 | C6: =Accuracy!C6-Accuracy!C14 -> 0.10585586 | D6: =Accuracy!D6-Accuracy!D14 -> 0.52359033 | E6: =Accuracy!E6-Accuracy!E14 -> 0.22104019
A9: Accuracy Difference from using ArUco over YOLO
A10: Marker Opcaity | B10: Clean Background, Bright Lighting | C10: Noisy Background, Bright Lighting | D10: Clean Background, Dark Lighting | E10: Noisy Background, Dark Lighting
A11: 0.25 | B11: =Accuracy!B11-Accuracy!B3 -> -0.72991071 | C11: =Accuracy!C11-Accuracy!C3 -> -0.35022523 | D11: =Accuracy!D11-Accuracy!D3 -> -0.73913043 | E11: =Accuracy!E11-Accuracy!E3 -> -0.53285544
A12: 0.5 | B12: =Accuracy!B12-Accuracy!B4 -> -0.053571429 | C12: =Accuracy!C12-Accuracy!C4 -> -0.094104308 | D12: =Accuracy!D12-Accuracy!D4 -> -0.5170068 | E12: =Accuracy!E12-Accuracy!E4 -> -0.32576617
A13: 0.75 | B13: =Accuracy!B13-Accuracy!B5 -> -0.0081112399 | C13: =Accuracy!C13-Accuracy!C5 -> -0.03583815 | D13: =Accuracy!D13-Accuracy!D5 -> -0.56407323 | E13: =Accuracy!E13-Accuracy!E5 -> -0.25381904
A14: 1 | B14: =Accuracy!B14-Accuracy!B6 -> 0.0011415525 | C14: =Accuracy!C14-Accuracy!C6 -> -0.10585586 | D14: =Accuracy!D14-Accuracy!D6 -> -0.52359033 | E14: =Accuracy!E14-Accuracy!E6 -> -0.22104019
